{
    "0": "Airport",
    "1": "BareLand",
    "2": "BaseballField",
    "3": "Beach",
    "4": "Bridge",
    "5": "Center",
    "6": "Church",
    "7": "Commercial",
    "8": "DenseResidential",
    "9": "Desert",
    "10": "Farmland",
    "11": "Forest",
    "12": "Industrial",
    "13": "Meadow",
    "14": "MediumResidential",
    "15": "Mountain",
    "16": "Park",
    "17": "Parking",
    "18": "Playground",
    "19": "Pond",
    "20": "Port",
    "21": "RailwayStation",
    "22": "Resort",
    "23": "River",
    "24": "School",
    "25": "SparseResidential",
    "26": "Square",
    "27": "Stadium",
    "28": "StorageTanks",
    "29": "Viaduct"
}